<?xml version="1.0" encoding="UTF-8"?><map>
<parameter name="aiTurnTimeMax">3000</parameter>
<parameter name="aiType1">LocalAI</parameter>
<parameter name="aiType0">LocalAI</parameter>
<parameter name="aiType3">LocalAI</parameter>
<parameter name="aiClass4">pers.zzk.gouji.GoujiAIBasic</parameter>
<parameter name="swapReplay">false</parameter>
<parameter name="aiType2">LocalAI</parameter>
<parameter name="aiClass5">pers.zzk.gouji.GoujiAIBasic</parameter>
<parameter name="aiType5">LocalAI</parameter>
<parameter name="aiType4">LocalAI</parameter>
<parameter name="aiClass0">pers.zzk.gouji.GoujiAIBasic</parameter>
<parameter name="round">3</parameter>
<parameter name="aiClass1">pers.zzk.gouji.GoujiAIBasic</parameter>
<parameter name="aiClass2">pers.zzk.gouji.GoujiAIBasic</parameter>
<parameter name="aiClass3">pers.zzk.gouji.GoujiAIBasic</parameter>
<parameter name="humanTurnTimeMax">20000</parameter>
<parameter name="aiTurnTimeMin">1000</parameter>
</map>