<?xml version="1.0" encoding="UTF-8"?><situation faPaiQuanNextTurn="0" handCards="B L L 2a Aa Ad Kb Qc Qd Ja Jb Jb 0b 0d 9c 9b 9a 8d 8c 8a 7a 7b 7c 7a 6c 5d 5b 5c 5a 4b 4c 4b 3d 3d 3c 3c " seat="2" type="2">
<lastChuPai cards="2b 4d " position="1"/>
<positions>
	<position cardsCount="0" gameStatus="MeiZou" jike="0" seat="0" turnStatus="DengDai"/>
	<position cardsCount="0" gameStatus="MeiZou" jike="0" seat="1" turnStatus="DengDai"/>
	<position cardsCount="0" gameStatus="MeiZou" jike="0" seat="2" turnStatus="ChuPaiZhong"/>
	<position cardsCount="0" gameStatus="MeiZou" jike="0" seat="3" turnStatus="DengDai"/>
	<position cardsCount="0" gameStatus="MeiZou" jike="0" seat="4" turnStatus="DengDai"/>
	<position cardsCount="0" gameStatus="MeiZou" jike="0" seat="5" turnStatus="DengDai"/>
</positions>
<numberGone count="2 1 0 0 0 0 0 0 0 0 0 0 1 0 0 "/>
<records>
	<record cards="2b 2b Ad Ac Ac Kc Ka Kd Kc Kb Kd Qb Jc Jb Jc Jc Jd 0d 0c 9b 9c 9d 8c 8c 8a 8d 7a 6a 6d 6d 4a 4c 4d 4c 3a 3d " position="0" type="distribute"/>
	<record cards="B 2b 2c 2c Ac Ab Aa Kc Kc Kb Ka Qd Qa Qa Qc 0b 0c 0a 0a 9d 8b 8b 8a 7c 7b 7c 6d 6d 6b 5b 5a 5d 5b 4d 3a 3a " position="1" type="distribute"/>
	<record cards="B L L 2a Aa Ad Kb Qc Qd Ja Jb Jb 0b 0d 9c 9b 9a 8d 8c 8a 7a 7b 7c 7a 6c 5d 5b 5c 5a 4b 4c 4b 3d 3d 3c 3c " position="2" type="distribute"/>
	<record cards="B L 2a 2a 2a Ab Ac Ka Qb Qd Qc Qb Ja Ja Jc Jd 0b 0a 0c 0b 9b 9a 8d 8b 6a 6c 5b 4d 4a 4d 4b 3b 3d 3b 3b 3c " position="3" type="distribute"/>
	<record cards="B L 2d 2d 2c Aa Ad Aa Ka Qc Qb 0a 0d 9a 9a 9d 9d 9c 8a 8d 7d 7a 7d 7d 7b 7d 7b 6a 6c 6c 5c 5d 5a 4b 4c 3a " position="4" type="distribute"/>
	<record cards="2c 2d 2b 2d Ab Ad Ab Kb Kd Kd Qa Qd Qa Jb Jd Ja Jd 0c 0d 9c 9b 8b 8c 7c 6b 6a 6b 6b 5d 5c 5c 5a 4a 4a 3c 3b " position="5" type="distribute"/>
	<record cards="3a 3d " cardsCount="0" decision="ShangPai" newTurn="true" position="0" shaoPai="false" type="play" zhaShao="false" zouKe="-1"/>
	<record cards="2b 4d " cardsCount="0" decision="ShangPai" newTurn="false" position="1" shaoPai="false" type="play" zhaShao="false" zouKe="-1"/>
</records>
</situation>