<?xml version="1.0" encoding="UTF-8"?><situation faPaiQuanNextTurn="0" handCards="B L L Aa Kc Kb 0a 0b 7c 7d 7b " seat="1" type="4">
<lastChuPai cards="" position="-1"/>
<positions>
	<position cardsCount="0" gameStatus="MeiZou" jike="5" seat="0" turnStatus="DengDai"/>
	<position cardsCount="0" gameStatus="MeiZou" jike="3" seat="1" turnStatus="ChuPaiZhong"/>
	<position cardsCount="0" gameStatus="MeiZou" jike="1" seat="2" turnStatus="DengDai"/>
	<position cardsCount="0" gameStatus="MeiZou" jike="2" seat="3" turnStatus="DengDai"/>
	<position cardsCount="0" gameStatus="MeiZou" jike="0" seat="4" turnStatus="DengDai"/>
	<position cardsCount="0" gameStatus="MeiZou" jike="4" seat="5" turnStatus="DengDai"/>
</positions>
<numberGone count="8 8 14 7 10 7 9 8 10 11 9 6 16 0 2 "/>
<records>
	<record cards="2b 2a Ab Ab Kb Ka Qb Qc Qb Ja Ja Jd Jc 0d 0b 0b 0d 9a 9b 9c 8c 8c 8b 7c 7c 7b 6c 6a 6a 5c 5a 4b 3b 3d 3a 3a " position="0" type="distribute"/>
	<record cards="B 2c 2d 2a 2d 2a Ad Ka Qb Qc Qd Qa Jc Jd Ja Jc 0c 0d 9c 9b 9a 8d 8a 8a 7b 7a 6b 6d 6d 6b 6c 5b 4b 4a 4a 3c " position="1" type="distribute"/>
	<record cards="B L 2c 2b 2d Aa Aa Aa Ad Ab Kc Kb Qb Qa Jb Jc 0a 0b 8c 8d 8b 8d 7c 7d 7b 5a 5c 5d 5a 5d 5b 5c 4c 4b 4a 3d " position="2" type="distribute"/>
	<record cards="B B 2a 2b 2d 2b Ac Kd Ka Kd Kb Qd Qc 0c 0c 0a 9d 9d 9d 9a 9c 8a 8b 8a 7d 7b 7d 6b 5a 5b 5d 5b 4c 4d 3c 3a " position="3" type="distribute"/>
	<record cards="L L 2c Ac Ad Ab Kc Kc Ka Kd Kb Qd Qa Jb Jd 0d 9a 9b 9b 7a 7a 6d 6b 6c 6d 6c 5c 5d 4a 4d 4c 4d 3b 3d 3c 3d " position="4" type="distribute"/>
	<record cards="L 2c Ad Aa Ac Ac Kc Kd Qc Qd Qa Jb Jb Ja Jd 0a 0a 0b 0c 9c 9d 8c 8b 8d 7d 7c 7a 6a 6a 4b 4c 4d 3c 3b 3a 3b " position="5" type="distribute"/>
	<record cards="3b 3d 3a 3a " cardsCount="0" decision="ShangPai" newTurn="true" position="0" shaoPai="false" type="play" zhaShao="false" zouKe="-1"/>
	<record cards="2c 4b 4a 4a " cardsCount="0" decision="ShangPai" newTurn="false" position="1" shaoPai="false" type="play" zhaShao="false" zouKe="-1"/>
	<record cards="8c 8d 8b 8d " cardsCount="0" decision="ShangPai" newTurn="false" position="2" shaoPai="false" type="play" zhaShao="false" zouKe="-1"/>
	<record cards="9d 9d 9d 9a " cardsCount="0" decision="ShangPai" newTurn="false" position="3" shaoPai="false" type="play" zhaShao="false" zouKe="-1"/>
	<record cards="2c 2b Jb Jd " cardsCount="0" decision="ShangPai" newTurn="false" position="4" shaoPai="false" type="play" zhaShao="false" zouKe="-1"/>
	<record cards="Qb Qc Qd Qa " cardsCount="0" decision="ShangPai" newTurn="false" position="1" shaoPai="false" type="play" zhaShao="false" zouKe="-1"/>
	<record cards="Kc Kc Ka Kd " cardsCount="0" decision="ShangPai" newTurn="false" position="4" shaoPai="false" type="play" zhaShao="false" zouKe="-1"/>
	<record cards="2d 2a 2d Ad " cardsCount="0" decision="ShangPai" newTurn="false" position="1" shaoPai="false" type="play" zhaShao="false" zouKe="-1"/>
	<record cards="" cardsCount="0" decision="GuoPai" newTurn="false" position="4" shaoPai="false" type="play" zhaShao="false" zouKe="0"/>
	<record cards="3c " cardsCount="0" decision="ShangPai" newTurn="true" position="1" shaoPai="false" type="play" zhaShao="false" zouKe="-1"/>
	<record cards="2b " cardsCount="0" decision="ShangPai" newTurn="false" position="2" shaoPai="false" type="play" zhaShao="false" zouKe="-1"/>
	<record cards="" cardsCount="0" decision="GuoPai" newTurn="false" position="5" shaoPai="false" type="play" zhaShao="false" zouKe="0"/>
	<record cards="3d " cardsCount="0" decision="ShangPai" newTurn="true" position="2" shaoPai="false" type="play" zhaShao="false" zouKe="-1"/>
	<record cards="6b " cardsCount="0" decision="ShangPai" newTurn="false" position="3" shaoPai="false" type="play" zhaShao="false" zouKe="-1"/>
	<record cards="0d " cardsCount="0" decision="ShangPai" newTurn="false" position="4" shaoPai="false" type="play" zhaShao="false" zouKe="-1"/>
	<record cards="Ad " cardsCount="0" decision="ShangPai" newTurn="false" position="5" shaoPai="false" type="play" zhaShao="false" zouKe="-1"/>
	<record cards="" cardsCount="0" decision="GuoPai" newTurn="false" position="0" shaoPai="false" type="play" zhaShao="false" zouKe="0"/>
	<record cards="" cardsCount="0" decision="GuoPai" newTurn="false" position="1" shaoPai="false" type="play" zhaShao="false" zouKe="0"/>
	<record cards="2d " cardsCount="0" decision="ShangPai" newTurn="false" position="2" shaoPai="false" type="play" zhaShao="false" zouKe="-1"/>
	<record cards="" cardsCount="0" decision="GuoPai" newTurn="false" position="5" shaoPai="false" type="play" zhaShao="false" zouKe="0"/>
	<record cards="4c 4b 4a " cardsCount="0" decision="ShangPai" newTurn="true" position="2" shaoPai="false" type="play" zhaShao="false" zouKe="-1"/>
	<record cards="7d 7b 7d " cardsCount="0" decision="ShangPai" newTurn="false" position="3" shaoPai="false" type="play" zhaShao="false" zouKe="-1"/>
	<record cards="9a 9b 9b " cardsCount="0" decision="ShangPai" newTurn="false" position="4" shaoPai="false" type="play" zhaShao="false" zouKe="-1"/>
	<record cards="0a 0a 0b " cardsCount="0" decision="ShangPai" newTurn="false" position="5" shaoPai="false" type="play" zhaShao="false" zouKe="-1"/>
	<record cards="Qb Qc Qb " cardsCount="0" decision="ShangPai" newTurn="false" position="0" shaoPai="false" type="play" zhaShao="false" zouKe="-1"/>
	<record cards="Kd Ka Kd " cardsCount="0" decision="ShangPai" newTurn="false" position="3" shaoPai="false" type="play" zhaShao="false" zouKe="-1"/>
	<record cards="" cardsCount="0" decision="GuoPai" newTurn="false" position="0" shaoPai="false" type="play" zhaShao="false" zouKe="0"/>
	<record cards="3c 3a " cardsCount="0" decision="ShangPai" newTurn="true" position="3" shaoPai="false" type="play" zhaShao="false" zouKe="-1"/>
	<record cards="5c 5d " cardsCount="0" decision="ShangPai" newTurn="false" position="4" shaoPai="false" type="play" zhaShao="false" zouKe="-1"/>
	<record cards="6a 6a " cardsCount="0" decision="ShangPai" newTurn="false" position="5" shaoPai="false" type="play" zhaShao="false" zouKe="-1"/>
	<record cards="7c 7c " cardsCount="0" decision="ShangPai" newTurn="false" position="0" shaoPai="false" type="play" zhaShao="false" zouKe="-1"/>
	<record cards="0c 0d " cardsCount="0" decision="ShangPai" newTurn="false" position="1" shaoPai="false" type="play" zhaShao="false" zouKe="-1"/>
	<record cards="Jb Jc " cardsCount="0" decision="ShangPai" newTurn="false" position="2" shaoPai="false" type="play" zhaShao="false" zouKe="-1"/>
	<record cards="Qd Qc " cardsCount="0" decision="ShangPai" newTurn="false" position="3" shaoPai="false" type="play" zhaShao="false" zouKe="-1"/>
	<record cards="2a Kb " cardsCount="0" decision="ShangPai" newTurn="false" position="4" shaoPai="false" type="play" zhaShao="false" zouKe="-1"/>
	<record cards="B 2a " cardsCount="0" decision="ShangPai" newTurn="false" position="1" shaoPai="false" type="play" zhaShao="false" zouKe="-1"/>
	<record cards="" cardsCount="0" decision="GuoPai" newTurn="false" position="4" shaoPai="false" type="play" zhaShao="false" zouKe="0"/>
	<record cards="5b " cardsCount="0" decision="ShangPai" newTurn="true" position="1" shaoPai="false" type="play" zhaShao="false" zouKe="-1"/>
	<record cards="2c " cardsCount="0" decision="ShangPai" newTurn="false" position="2" shaoPai="false" type="play" zhaShao="false" zouKe="-1"/>
	<record cards="" cardsCount="0" decision="GuoPai" newTurn="false" position="5" shaoPai="false" type="play" zhaShao="false" zouKe="0"/>
	<record cards="5a 5c 5d 5a 5d 5b 5c " cardsCount="0" decision="ShangPai" newTurn="true" position="2" shaoPai="false" type="play" zhaShao="false" zouKe="-1"/>
	<record cards="2a 2b 2d 2b 8a 8b 8a " cardsCount="0" decision="ShangPai" newTurn="false" position="3" shaoPai="false" type="play" zhaShao="false" zouKe="-1"/>
	<record cards="" cardsCount="0" decision="GuoPai" newTurn="false" position="4" shaoPai="false" type="play" zhaShao="false" zouKe="0"/>
	<record cards="" cardsCount="0" decision="GuoPai" newTurn="false" position="5" shaoPai="false" type="play" zhaShao="false" zouKe="0"/>
	<record cards="" cardsCount="0" decision="GuoPai" newTurn="false" position="0" shaoPai="false" type="play" zhaShao="false" zouKe="0"/>
	<record cards="" cardsCount="0" decision="GuoPai" newTurn="false" position="1" shaoPai="false" type="play" zhaShao="false" zouKe="0"/>
	<record cards="" cardsCount="0" decision="GuoPai" newTurn="false" position="2" shaoPai="false" type="play" zhaShao="false" zouKe="0"/>
	<record cards="4c 4d " cardsCount="0" decision="ShangPai" newTurn="true" position="3" shaoPai="false" type="play" zhaShao="false" zouKe="-1"/>
	<record cards="7a 7a " cardsCount="0" decision="ShangPai" newTurn="false" position="4" shaoPai="false" type="play" zhaShao="false" zouKe="-1"/>
	<record cards="9c 9d " cardsCount="0" decision="ShangPai" newTurn="false" position="5" shaoPai="false" type="play" zhaShao="false" zouKe="-1"/>
	<record cards="0d 0b " cardsCount="0" decision="ShangPai" newTurn="false" position="0" shaoPai="false" type="play" zhaShao="false" zouKe="-1"/>
	<record cards="Jc Jd " cardsCount="0" decision="ShangPai" newTurn="false" position="1" shaoPai="false" type="play" zhaShao="false" zouKe="-1"/>
	<record cards="Qb Qa " cardsCount="0" decision="ShangPai" newTurn="false" position="2" shaoPai="false" type="play" zhaShao="false" zouKe="-1"/>
	<record cards="B Kb " cardsCount="10" decision="ShangPai" newTurn="false" position="3" shaoPai="false" type="play" zhaShao="false" zouKe="-1"/>
	<record cards="" cardsCount="0" decision="GuoPai" newTurn="false" position="0" shaoPai="false" type="play" zhaShao="false" zouKe="0"/>
	<record cards="5a 5b 5d 5b " cardsCount="6" decision="ShangPai" newTurn="true" position="3" shaoPai="false" type="play" zhaShao="false" zouKe="-1"/>
	<record cards="6d 6b 6c 6d " cardsCount="0" decision="ShangPai" newTurn="false" position="4" shaoPai="false" type="play" zhaShao="false" zouKe="-1"/>
	<record cards="2c 7d 7c 7a " cardsCount="0" decision="ShangPai" newTurn="false" position="5" shaoPai="false" type="play" zhaShao="false" zouKe="-1"/>
	<record cards="Ja Ja Jd Jc " cardsCount="0" decision="ShangPai" newTurn="false" position="0" shaoPai="false" type="play" zhaShao="false" zouKe="-1"/>
	<record cards="Aa Aa Ad Ab " cardsCount="0" decision="ShangPai" newTurn="false" position="1" shaoPai="true" type="play" zhaShao="false" zouKe="-1"/>
	<record cards="" cardsCount="0" decision="GuoPai" newTurn="false" position="4" shaoPai="false" type="play" zhaShao="false" zouKe="0"/>
</records>
</situation>